frequency_hz,method,controller,psd_disp_m2_per_hz
0.000000,unshaped,standard_pd,3.596247e-05
0.390625,unshaped,standard_pd,1.559161e-04
0.781250,unshaped,standard_pd,7.424225e-05
1.171875,unshaped,standard_pd,1.036621e-05
1.562500,unshaped,standard_pd,1.615732e-06
1.953125,unshaped,standard_pd,6.566347e-07
2.343750,unshaped,standard_pd,1.877249e-07
2.734375,unshaped,standard_pd,1.168971e-07
3.125000,unshaped,standard_pd,4.993932e-08
3.515625,unshaped,standard_pd,3.683311e-08
3.906250,unshaped,standard_pd,1.438196e-08
4.296875,unshaped,standard_pd,1.493874e-08
4.687500,unshaped,standard_pd,7.657833e-09
5.078125,unshaped,standard_pd,5.369519e-09
5.468750,unshaped,standard_pd,4.187945e-09
5.859375,unshaped,standard_pd,2.640034e-09
6.250000,unshaped,standard_pd,2.200712e-09
6.640625,unshaped,standard_pd,1.554949e-09
7.031250,unshaped,standard_pd,1.211869e-09
7.421875,unshaped,standard_pd,8.475767e-10
7.812500,unshaped,standard_pd,8.322215e-10
8.203125,unshaped,standard_pd,4.596326e-10
8.593750,unshaped,standard_pd,5.319823e-10
8.984375,unshaped,standard_pd,3.360458e-10
9.375000,unshaped,standard_pd,2.950142e-10
9.765625,unshaped,standard_pd,2.654586e-10
10.156250,unshaped,standard_pd,1.860762e-10
10.546875,unshaped,standard_pd,1.731499e-10
10.937500,unshaped,standard_pd,1.453296e-10
11.328125,unshaped,standard_pd,1.141711e-10
11.718750,unshaped,standard_pd,9.864536e-11
12.109375,unshaped,standard_pd,9.222335e-11
12.500000,unshaped,standard_pd,6.391340e-11
12.890625,unshaped,standard_pd,6.851765e-11
13.281250,unshaped,standard_pd,5.255002e-11
13.671875,unshaped,standard_pd,4.324185e-11
14.062500,unshaped,standard_pd,4.416902e-11
14.453125,unshaped,standard_pd,3.314921e-11
14.843750,unshaped,standard_pd,2.954682e-11
15.234375,unshaped,standard_pd,2.916119e-11
15.625000,unshaped,standard_pd,2.145937e-11
16.015625,unshaped,standard_pd,2.083461e-11
16.406250,unshaped,standard_pd,1.941793e-11
16.796875,unshaped,standard_pd,1.438348e-11
17.187500,unshaped,standard_pd,1.525176e-11
17.578125,unshaped,standard_pd,1.271904e-11
17.968750,unshaped,standard_pd,1.044803e-11
18.359375,unshaped,standard_pd,1.078303e-11
18.750000,unshaped,standard_pd,8.842335e-12
19.140625,unshaped,standard_pd,7.487126e-12
19.531250,unshaped,standard_pd,8.018656e-12
19.921875,unshaped,standard_pd,5.834294e-12
20.312500,unshaped,standard_pd,5.993899e-12
20.703125,unshaped,standard_pd,5.394083e-12
21.093750,unshaped,standard_pd,4.495329e-12
21.484375,unshaped,standard_pd,4.309363e-12
21.875000,unshaped,standard_pd,4.052872e-12
22.265625,unshaped,standard_pd,3.210696e-12
22.656250,unshaped,standard_pd,3.377509e-12
23.046875,unshaped,standard_pd,2.877303e-12
23.437500,unshaped,standard_pd,2.483006e-12
23.828125,unshaped,standard_pd,2.560536e-12
24.218750,unshaped,standard_pd,2.121212e-12
24.609375,unshaped,standard_pd,1.904800e-12
25.000000,unshaped,standard_pd,1.996522e-12
25.390625,unshaped,standard_pd,1.498733e-12
25.781250,unshaped,standard_pd,1.600355e-12
26.171875,unshaped,standard_pd,1.425539e-12
26.562500,unshaped,standard_pd,1.203103e-12
26.953125,unshaped,standard_pd,1.256423e-12
27.343750,unshaped,standard_pd,1.050176e-12
27.734375,unshaped,standard_pd,1.006018e-12
28.125000,unshaped,standard_pd,9.122799e-13
28.515625,unshaped,standard_pd,8.961540e-13
28.906250,unshaped,standard_pd,7.021242e-13
29.296875,unshaped,standard_pd,8.219109e-13
29.687500,unshaped,standard_pd,5.961952e-13
30.078125,unshaped,standard_pd,6.536391e-13
30.468750,unshaped,standard_pd,5.839221e-13
30.859375,unshaped,standard_pd,5.060846e-13
31.250000,unshaped,standard_pd,5.258891e-13
31.640625,unshaped,standard_pd,4.398293e-13
32.031250,unshaped,standard_pd,4.502418e-13
32.421875,unshaped,standard_pd,3.662634e-13
32.812500,unshaped,standard_pd,4.262796e-13
33.203125,unshaped,standard_pd,2.782716e-13
33.593750,unshaped,standard_pd,3.945131e-13
33.984375,unshaped,standard_pd,2.478357e-13
34.375000,unshaped,standard_pd,3.132443e-13
34.765625,unshaped,standard_pd,2.588360e-13
35.156250,unshaped,standard_pd,2.372575e-13
35.546875,unshaped,standard_pd,2.530582e-13
35.937500,unshaped,standard_pd,1.934254e-13
36.328125,unshaped,standard_pd,2.365125e-13
36.718750,unshaped,standard_pd,1.547537e-13
37.109375,unshaped,standard_pd,2.269884e-13
37.500000,unshaped,standard_pd,1.244696e-13
37.890625,unshaped,standard_pd,2.032335e-13
38.281250,unshaped,standard_pd,1.225723e-13
38.671875,unshaped,standard_pd,1.602124e-13
39.062500,unshaped,standard_pd,1.330751e-13
39.453125,unshaped,standard_pd,1.237517e-13
39.843750,unshaped,standard_pd,1.338029e-13
40.234375,unshaped,standard_pd,1.015183e-13
40.625000,unshaped,standard_pd,1.300187e-13
41.015625,unshaped,standard_pd,8.238608e-14
41.406250,unshaped,standard_pd,1.268872e-13
41.796875,unshaped,standard_pd,6.989409e-14
42.187500,unshaped,standard_pd,1.149352e-13
42.578125,unshaped,standard_pd,7.139672e-14
42.968750,unshaped,standard_pd,9.405431e-14
43.359375,unshaped,standard_pd,7.835022e-14
43.750000,unshaped,standard_pd,7.613642e-14
44.140625,unshaped,standard_pd,8.124279e-14
44.531250,unshaped,standard_pd,6.428370e-14
44.921875,unshaped,standard_pd,8.189062e-14
45.312500,unshaped,standard_pd,5.534063e-14
45.703125,unshaped,standard_pd,8.077942e-14
46.093750,unshaped,standard_pd,5.169189e-14
46.484375,unshaped,standard_pd,7.429106e-14
46.875000,unshaped,standard_pd,5.478630e-14
47.265625,unshaped,standard_pd,6.461627e-14
47.656250,unshaped,standard_pd,5.954316e-14
48.046875,unshaped,standard_pd,5.681081e-14
48.437500,unshaped,standard_pd,6.317248e-14
48.828125,unshaped,standard_pd,5.077715e-14
49.218750,unshaped,standard_pd,6.693326e-14
49.609375,unshaped,standard_pd,4.620478e-14
50.000000,unshaped,standard_pd,3.449715e-14
0.000000,unshaped,filtered_pd,3.727113e-05
0.390625,unshaped,filtered_pd,1.543932e-04
0.781250,unshaped,filtered_pd,6.504405e-05
1.171875,unshaped,filtered_pd,8.747796e-06
1.562500,unshaped,filtered_pd,1.269240e-06
1.953125,unshaped,filtered_pd,5.621682e-07
2.343750,unshaped,filtered_pd,1.432742e-07
2.734375,unshaped,filtered_pd,1.037734e-07
3.125000,unshaped,filtered_pd,4.172881e-08
3.515625,unshaped,filtered_pd,3.372039e-08
3.906250,unshaped,filtered_pd,1.536113e-08
4.296875,unshaped,filtered_pd,1.293370e-08
4.687500,unshaped,filtered_pd,7.579647e-09
5.078125,unshaped,filtered_pd,5.409204e-09
5.468750,unshaped,filtered_pd,4.170520e-09
5.859375,unshaped,filtered_pd,2.813374e-09
6.250000,unshaped,filtered_pd,2.300316e-09
6.640625,unshaped,filtered_pd,1.583312e-09
7.031250,unshaped,filtered_pd,1.341468e-09
7.421875,unshaped,filtered_pd,9.501940e-10
7.812500,unshaped,filtered_pd,8.616385e-10
8.203125,unshaped,filtered_pd,5.851060e-10
8.593750,unshaped,filtered_pd,5.470108e-10
8.984375,unshaped,filtered_pd,4.081233e-10
9.375000,unshaped,filtered_pd,3.449321e-10
9.765625,unshaped,filtered_pd,2.891321e-10
10.156250,unshaped,filtered_pd,2.310048e-10
10.546875,unshaped,filtered_pd,2.054756e-10
10.937500,unshaped,filtered_pd,1.629048e-10
11.328125,unshaped,filtered_pd,1.462067e-10
11.718750,unshaped,filtered_pd,1.171411e-10
12.109375,unshaped,filtered_pd,1.078530e-10
12.500000,unshaped,filtered_pd,8.554237e-11
12.890625,unshaped,filtered_pd,7.898541e-11
13.281250,unshaped,filtered_pd,6.534938e-11
13.671875,unshaped,filtered_pd,5.940106e-11
14.062500,unshaped,filtered_pd,4.890104e-11
14.453125,unshaped,filtered_pd,4.626603e-11
14.843750,unshaped,filtered_pd,3.673707e-11
15.234375,unshaped,filtered_pd,3.654772e-11
15.625000,unshaped,filtered_pd,2.829399e-11
16.015625,unshaped,filtered_pd,2.851724e-11
16.406250,unshaped,filtered_pd,2.258287e-11
16.796875,unshaped,filtered_pd,2.232930e-11
17.187500,unshaped,filtered_pd,1.792655e-11
17.578125,unshaped,filtered_pd,1.791014e-11
17.968750,unshaped,filtered_pd,1.451368e-11
18.359375,unshaped,filtered_pd,1.412562e-11
18.750000,unshaped,filtered_pd,1.208554e-11
19.140625,unshaped,filtered_pd,1.109865e-11
19.531250,unshaped,filtered_pd,1.030267e-11
19.921875,unshaped,filtered_pd,8.632964e-12
20.312500,unshaped,filtered_pd,8.811694e-12
20.703125,unshaped,filtered_pd,6.885717e-12
21.093750,unshaped,filtered_pd,7.430103e-12
21.484375,unshaped,filtered_pd,5.667764e-12
21.875000,unshaped,filtered_pd,6.057265e-12
22.265625,unshaped,filtered_pd,5.003451e-12
22.656250,unshaped,filtered_pd,4.760395e-12
23.046875,unshaped,filtered_pd,4.490603e-12
23.437500,unshaped,filtered_pd,3.772847e-12
23.828125,unshaped,filtered_pd,3.933060e-12
24.218750,unshaped,filtered_pd,3.148602e-12
24.609375,unshaped,filtered_pd,3.280034e-12
25.000000,unshaped,filtered_pd,2.804359e-12
25.390625,unshaped,filtered_pd,2.655718e-12
25.781250,unshaped,filtered_pd,2.529802e-12
26.171875,unshaped,filtered_pd,2.153966e-12
26.562500,unshaped,filtered_pd,2.258238e-12
26.953125,unshaped,filtered_pd,1.807064e-12
27.343750,unshaped,filtered_pd,1.949106e-12
27.734375,unshaped,filtered_pd,1.588171e-12
28.125000,unshaped,filtered_pd,1.654038e-12
28.515625,unshaped,filtered_pd,1.406965e-12
28.906250,unshaped,filtered_pd,1.408710e-12
29.296875,unshaped,filtered_pd,1.237748e-12
29.687500,unshaped,filtered_pd,1.232426e-12
30.078125,unshaped,filtered_pd,1.070960e-12
30.468750,unshaped,filtered_pd,1.087968e-12
30.859375,unshaped,filtered_pd,9.368877e-13
31.250000,unshaped,filtered_pd,9.504869e-13
31.640625,unshaped,filtered_pd,8.313797e-13
32.031250,unshaped,filtered_pd,8.239925e-13
32.421875,unshaped,filtered_pd,7.530753e-13
32.812500,unshaped,filtered_pd,7.118531e-13
33.203125,unshaped,filtered_pd,6.800387e-13
33.593750,unshaped,filtered_pd,6.238432e-13
33.984375,unshaped,filtered_pd,6.070813e-13
34.375000,unshaped,filtered_pd,5.571996e-13
34.765625,unshaped,filtered_pd,5.341891e-13
35.156250,unshaped,filtered_pd,5.078895e-13
35.546875,unshaped,filtered_pd,4.699210e-13
35.937500,unshaped,filtered_pd,4.613947e-13
36.328125,unshaped,filtered_pd,4.185456e-13
36.718750,unshaped,filtered_pd,4.158076e-13
37.109375,unshaped,filtered_pd,3.791525e-13
37.500000,unshaped,filtered_pd,3.713673e-13
37.890625,unshaped,filtered_pd,3.492401e-13
38.281250,unshaped,filtered_pd,3.308980e-13
38.671875,unshaped,filtered_pd,3.231166e-13
39.062500,unshaped,filtered_pd,2.949705e-13
39.453125,unshaped,filtered_pd,3.000831e-13
39.843750,unshaped,filtered_pd,2.657484e-13
40.234375,unshaped,filtered_pd,2.776956e-13
40.625000,unshaped,filtered_pd,2.424605e-13
41.015625,unshaped,filtered_pd,2.570098e-13
41.406250,unshaped,filtered_pd,2.233906e-13
41.796875,unshaped,filtered_pd,2.371911e-13
42.187500,unshaped,filtered_pd,2.081103e-13
42.578125,unshaped,filtered_pd,2.193350e-13
42.968750,unshaped,filtered_pd,1.959589e-13
43.359375,unshaped,filtered_pd,2.030480e-13
43.750000,unshaped,filtered_pd,1.859770e-13
44.140625,unshaped,filtered_pd,1.893598e-13
44.531250,unshaped,filtered_pd,1.769115e-13
44.921875,unshaped,filtered_pd,1.783370e-13
45.312500,unshaped,filtered_pd,1.689319e-13
45.703125,unshaped,filtered_pd,1.697655e-13
46.093750,unshaped,filtered_pd,1.617489e-13
46.484375,unshaped,filtered_pd,1.631711e-13
46.875000,unshaped,filtered_pd,1.559018e-13
47.265625,unshaped,filtered_pd,1.578768e-13
47.656250,unshaped,filtered_pd,1.516185e-13
48.046875,unshaped,filtered_pd,1.536765e-13
48.437500,unshaped,filtered_pd,1.491025e-13
48.828125,unshaped,filtered_pd,1.505224e-13
49.218750,unshaped,filtered_pd,1.478483e-13
49.609375,unshaped,filtered_pd,1.488652e-13
50.000000,unshaped,filtered_pd,7.372506e-14
0.000000,unshaped,avc,3.727113e-05
0.390625,unshaped,avc,1.543932e-04
0.781250,unshaped,avc,6.504405e-05
1.171875,unshaped,avc,8.747796e-06
1.562500,unshaped,avc,1.269240e-06
1.953125,unshaped,avc,5.621682e-07
2.343750,unshaped,avc,1.432742e-07
2.734375,unshaped,avc,1.037734e-07
3.125000,unshaped,avc,4.172881e-08
3.515625,unshaped,avc,3.372039e-08
3.906250,unshaped,avc,1.536113e-08
4.296875,unshaped,avc,1.293370e-08
4.687500,unshaped,avc,7.579647e-09
5.078125,unshaped,avc,5.409204e-09
5.468750,unshaped,avc,4.170520e-09
5.859375,unshaped,avc,2.813374e-09
6.250000,unshaped,avc,2.300316e-09
6.640625,unshaped,avc,1.583312e-09
7.031250,unshaped,avc,1.341468e-09
7.421875,unshaped,avc,9.501940e-10
7.812500,unshaped,avc,8.616385e-10
8.203125,unshaped,avc,5.851060e-10
8.593750,unshaped,avc,5.470108e-10
8.984375,unshaped,avc,4.081233e-10
9.375000,unshaped,avc,3.449321e-10
9.765625,unshaped,avc,2.891321e-10
10.156250,unshaped,avc,2.310048e-10
10.546875,unshaped,avc,2.054756e-10
10.937500,unshaped,avc,1.629048e-10
11.328125,unshaped,avc,1.462067e-10
11.718750,unshaped,avc,1.171411e-10
12.109375,unshaped,avc,1.078530e-10
12.500000,unshaped,avc,8.554237e-11
12.890625,unshaped,avc,7.898541e-11
13.281250,unshaped,avc,6.534938e-11
13.671875,unshaped,avc,5.940106e-11
14.062500,unshaped,avc,4.890104e-11
14.453125,unshaped,avc,4.626603e-11
14.843750,unshaped,avc,3.673707e-11
15.234375,unshaped,avc,3.654772e-11
15.625000,unshaped,avc,2.829399e-11
16.015625,unshaped,avc,2.851724e-11
16.406250,unshaped,avc,2.258287e-11
16.796875,unshaped,avc,2.232930e-11
17.187500,unshaped,avc,1.792655e-11
17.578125,unshaped,avc,1.791014e-11
17.968750,unshaped,avc,1.451368e-11
18.359375,unshaped,avc,1.412562e-11
18.750000,unshaped,avc,1.208554e-11
19.140625,unshaped,avc,1.109865e-11
19.531250,unshaped,avc,1.030267e-11
19.921875,unshaped,avc,8.632964e-12
20.312500,unshaped,avc,8.811694e-12
20.703125,unshaped,avc,6.885717e-12
21.093750,unshaped,avc,7.430103e-12
21.484375,unshaped,avc,5.667764e-12
21.875000,unshaped,avc,6.057265e-12
22.265625,unshaped,avc,5.003451e-12
22.656250,unshaped,avc,4.760395e-12
23.046875,unshaped,avc,4.490603e-12
23.437500,unshaped,avc,3.772847e-12
23.828125,unshaped,avc,3.933060e-12
24.218750,unshaped,avc,3.148602e-12
24.609375,unshaped,avc,3.280034e-12
25.000000,unshaped,avc,2.804359e-12
25.390625,unshaped,avc,2.655718e-12
25.781250,unshaped,avc,2.529802e-12
26.171875,unshaped,avc,2.153966e-12
26.562500,unshaped,avc,2.258238e-12
26.953125,unshaped,avc,1.807064e-12
27.343750,unshaped,avc,1.949106e-12
27.734375,unshaped,avc,1.588171e-12
28.125000,unshaped,avc,1.654038e-12
28.515625,unshaped,avc,1.406965e-12
28.906250,unshaped,avc,1.408710e-12
29.296875,unshaped,avc,1.237748e-12
29.687500,unshaped,avc,1.232426e-12
30.078125,unshaped,avc,1.070960e-12
30.468750,unshaped,avc,1.087968e-12
30.859375,unshaped,avc,9.368877e-13
31.250000,unshaped,avc,9.504869e-13
31.640625,unshaped,avc,8.313797e-13
32.031250,unshaped,avc,8.239925e-13
32.421875,unshaped,avc,7.530753e-13
32.812500,unshaped,avc,7.118531e-13
33.203125,unshaped,avc,6.800387e-13
33.593750,unshaped,avc,6.238432e-13
33.984375,unshaped,avc,6.070813e-13
34.375000,unshaped,avc,5.571996e-13
34.765625,unshaped,avc,5.341891e-13
35.156250,unshaped,avc,5.078895e-13
35.546875,unshaped,avc,4.699210e-13
35.937500,unshaped,avc,4.613947e-13
36.328125,unshaped,avc,4.185456e-13
36.718750,unshaped,avc,4.158076e-13
37.109375,unshaped,avc,3.791525e-13
37.500000,unshaped,avc,3.713673e-13
37.890625,unshaped,avc,3.492401e-13
38.281250,unshaped,avc,3.308980e-13
38.671875,unshaped,avc,3.231166e-13
39.062500,unshaped,avc,2.949705e-13
39.453125,unshaped,avc,3.000831e-13
39.843750,unshaped,avc,2.657484e-13
40.234375,unshaped,avc,2.776956e-13
40.625000,unshaped,avc,2.424605e-13
41.015625,unshaped,avc,2.570098e-13
41.406250,unshaped,avc,2.233906e-13
41.796875,unshaped,avc,2.371911e-13
42.187500,unshaped,avc,2.081103e-13
42.578125,unshaped,avc,2.193350e-13
42.968750,unshaped,avc,1.959589e-13
43.359375,unshaped,avc,2.030480e-13
43.750000,unshaped,avc,1.859770e-13
44.140625,unshaped,avc,1.893598e-13
44.531250,unshaped,avc,1.769115e-13
44.921875,unshaped,avc,1.783370e-13
45.312500,unshaped,avc,1.689319e-13
45.703125,unshaped,avc,1.697655e-13
46.093750,unshaped,avc,1.617489e-13
46.484375,unshaped,avc,1.631711e-13
46.875000,unshaped,avc,1.559018e-13
47.265625,unshaped,avc,1.578768e-13
47.656250,unshaped,avc,1.516185e-13
48.046875,unshaped,avc,1.536765e-13
48.437500,unshaped,avc,1.491025e-13
48.828125,unshaped,avc,1.505224e-13
49.218750,unshaped,avc,1.478483e-13
49.609375,unshaped,avc,1.488652e-13
50.000000,unshaped,avc,7.372506e-14
0.000000,zvd,standard_pd,3.875724e-05
0.390625,zvd,standard_pd,1.538217e-04
0.781250,zvd,standard_pd,6.421488e-05
1.171875,zvd,standard_pd,6.585859e-06
1.562500,zvd,standard_pd,1.068333e-06
1.953125,zvd,standard_pd,4.851356e-07
2.343750,zvd,standard_pd,1.192262e-07
2.734375,zvd,standard_pd,7.458586e-08
3.125000,zvd,standard_pd,3.550243e-08
3.515625,zvd,standard_pd,2.488844e-08
3.906250,zvd,standard_pd,8.840953e-09
4.296875,zvd,standard_pd,9.324701e-09
4.687500,zvd,standard_pd,5.175067e-09
5.078125,zvd,standard_pd,2.953976e-09
5.468750,zvd,standard_pd,3.122122e-09
5.859375,zvd,standard_pd,1.302394e-09
6.250000,zvd,standard_pd,1.522609e-09
6.640625,zvd,standard_pd,9.694847e-10
7.031250,zvd,standard_pd,7.077170e-10
7.421875,zvd,standard_pd,5.601458e-10
7.812500,zvd,standard_pd,5.027755e-10
8.203125,zvd,standard_pd,3.004859e-10
8.593750,zvd,standard_pd,3.045851e-10
8.984375,zvd,standard_pd,2.474859e-10
9.375000,zvd,standard_pd,1.384409e-10
9.765625,zvd,standard_pd,1.963257e-10
10.156250,zvd,standard_pd,1.030495e-10
10.546875,zvd,standard_pd,1.036071e-10
10.937500,zvd,standard_pd,9.861204e-11
11.328125,zvd,standard_pd,6.310767e-11
11.718750,zvd,standard_pd,6.291189e-11
12.109375,zvd,standard_pd,5.846151e-11
12.500000,zvd,standard_pd,3.796358e-11
12.890625,zvd,standard_pd,3.994304e-11
13.281250,zvd,standard_pd,3.704912e-11
13.671875,zvd,standard_pd,2.148432e-11
14.062500,zvd,standard_pd,2.973823e-11
14.453125,zvd,standard_pd,2.016307e-11
14.843750,zvd,standard_pd,1.615142e-11
15.234375,zvd,standard_pd,1.959044e-11
15.625000,zvd,standard_pd,1.220412e-11
16.015625,zvd,standard_pd,1.210369e-11
16.406250,zvd,standard_pd,1.277189e-11
16.796875,zvd,standard_pd,8.005167e-12
17.187500,zvd,standard_pd,8.868080e-12
17.578125,zvd,standard_pd,8.554562e-12
17.968750,zvd,standard_pd,5.287421e-12
18.359375,zvd,standard_pd,6.854050e-12
18.750000,zvd,standard_pd,5.417283e-12
19.140625,zvd,standard_pd,3.945480e-12
19.531250,zvd,standard_pd,5.061045e-12
19.921875,zvd,standard_pd,3.503520e-12
20.312500,zvd,standard_pd,3.102105e-12
20.703125,zvd,standard_pd,3.623925e-12
21.093750,zvd,standard_pd,2.371477e-12
21.484375,zvd,standard_pd,2.444717e-12
21.875000,zvd,standard_pd,2.596377e-12
22.265625,zvd,standard_pd,1.624661e-12
22.656250,zvd,standard_pd,1.992694e-12
23.046875,zvd,standard_pd,1.776270e-12
23.437500,zvd,standard_pd,1.224991e-12
23.828125,zvd,standard_pd,1.575221e-12
24.218750,zvd,standard_pd,1.206624e-12
24.609375,zvd,standard_pd,9.945150e-13
25.000000,zvd,standard_pd,1.181190e-12
25.390625,zvd,standard_pd,8.756539e-13
25.781250,zvd,standard_pd,7.737061e-13
26.171875,zvd,standard_pd,9.289995e-13
26.562500,zvd,standard_pd,5.938065e-13
26.953125,zvd,standard_pd,6.673740e-13
27.343750,zvd,standard_pd,6.741135e-13
27.734375,zvd,standard_pd,4.442499e-13
28.125000,zvd,standard_pd,5.597771e-13
28.515625,zvd,standard_pd,4.778555e-13
28.906250,zvd,standard_pd,3.626134e-13
29.296875,zvd,standard_pd,4.459611e-13
29.687500,zvd,standard_pd,3.518574e-13
30.078125,zvd,standard_pd,2.936971e-13
30.468750,zvd,standard_pd,3.592024e-13
30.859375,zvd,standard_pd,2.549011e-13
31.250000,zvd,standard_pd,2.496583e-13
31.640625,zvd,standard_pd,2.821602e-13
32.031250,zvd,standard_pd,1.878050e-13
32.421875,zvd,standard_pd,2.184072e-13
32.812500,zvd,standard_pd,2.126316e-13
33.203125,zvd,standard_pd,1.475755e-13
33.593750,zvd,standard_pd,1.889933e-13
33.984375,zvd,standard_pd,1.552434e-13
34.375000,zvd,standard_pd,1.272719e-13
34.765625,zvd,standard_pd,1.539309e-13
35.156250,zvd,standard_pd,1.191146e-13
35.546875,zvd,standard_pd,1.085439e-13
35.937500,zvd,standard_pd,1.260892e-13
36.328125,zvd,standard_pd,9.169616e-14
36.718750,zvd,standard_pd,9.490443e-14
37.109375,zvd,standard_pd,1.021669e-13
37.500000,zvd,standard_pd,7.142849e-14
37.890625,zvd,standard_pd,8.542865e-14
38.281250,zvd,standard_pd,7.961448e-14
38.671875,zvd,standard_pd,5.985378e-14
39.062500,zvd,standard_pd,7.554570e-14
39.453125,zvd,standard_pd,6.113151e-14
39.843750,zvd,standard_pd,5.402498e-14
40.234375,zvd,standard_pd,6.392012e-14
40.625000,zvd,standard_pd,4.899004e-14
41.015625,zvd,standard_pd,4.911368e-14
41.406250,zvd,standard_pd,5.339872e-14
41.796875,zvd,standard_pd,4.133548e-14
42.187500,zvd,standard_pd,4.366336e-14
42.578125,zvd,standard_pd,4.646546e-14
42.968750,zvd,standard_pd,3.362264e-14
43.359375,zvd,standard_pd,4.214471e-14
43.750000,zvd,standard_pd,3.754890e-14
44.140625,zvd,standard_pd,3.094328e-14
44.531250,zvd,standard_pd,3.901141e-14
44.921875,zvd,standard_pd,3.074595e-14
45.312500,zvd,standard_pd,3.050140e-14
45.703125,zvd,standard_pd,3.441904e-14
46.093750,zvd,standard_pd,2.756654e-14
46.484375,zvd,standard_pd,2.910268e-14
46.875000,zvd,standard_pd,3.169185e-14
47.265625,zvd,standard_pd,2.465361e-14
47.656250,zvd,standard_pd,2.922131e-14
48.046875,zvd,standard_pd,2.874663e-14
48.437500,zvd,standard_pd,2.339139e-14
48.828125,zvd,standard_pd,2.979833e-14
49.218750,zvd,standard_pd,2.582484e-14
49.609375,zvd,standard_pd,2.415602e-14
50.000000,zvd,standard_pd,1.488521e-14
0.000000,zvd,filtered_pd,3.881483e-05
0.390625,zvd,filtered_pd,1.431634e-04
0.781250,zvd,filtered_pd,4.451451e-05
1.171875,zvd,filtered_pd,1.436755e-06
1.562500,zvd,filtered_pd,4.832007e-07
1.953125,zvd,filtered_pd,1.620743e-07
2.343750,zvd,filtered_pd,3.589630e-08
2.734375,zvd,filtered_pd,2.181272e-08
3.125000,zvd,filtered_pd,1.112663e-08
3.515625,zvd,filtered_pd,6.332251e-09
3.906250,zvd,filtered_pd,3.057872e-09
4.296875,zvd,filtered_pd,2.633750e-09
4.687500,zvd,filtered_pd,1.543193e-09
5.078125,zvd,filtered_pd,1.133844e-09
5.468750,zvd,filtered_pd,7.775907e-10
5.859375,zvd,filtered_pd,6.384561e-10
6.250000,zvd,filtered_pd,4.558841e-10
6.640625,zvd,filtered_pd,3.363632e-10
7.031250,zvd,filtered_pd,2.837638e-10
7.421875,zvd,filtered_pd,2.147531e-10
7.812500,zvd,filtered_pd,1.778415e-10
8.203125,zvd,filtered_pd,1.322990e-10
8.593750,zvd,filtered_pd,1.212662e-10
8.984375,zvd,filtered_pd,9.172543e-11
9.375000,zvd,filtered_pd,7.841172e-11
9.765625,zvd,filtered_pd,6.461538e-11
10.156250,zvd,filtered_pd,5.601034e-11
10.546875,zvd,filtered_pd,4.614902e-11
10.937500,zvd,filtered_pd,3.822974e-11
11.328125,zvd,filtered_pd,3.500112e-11
11.718750,zvd,filtered_pd,2.840625e-11
12.109375,zvd,filtered_pd,2.504862e-11
12.500000,zvd,filtered_pd,2.101635e-11
12.890625,zvd,filtered_pd,1.950694e-11
13.281250,zvd,filtered_pd,1.603330e-11
13.671875,zvd,filtered_pd,1.421495e-11
14.062500,zvd,filtered_pd,1.262402e-11
14.453125,zvd,filtered_pd,1.118475e-11
14.843750,zvd,filtered_pd,9.701678e-12
15.234375,zvd,filtered_pd,8.545655e-12
15.625000,zvd,filtered_pd,7.840146e-12
16.015625,zvd,filtered_pd,6.815750e-12
16.406250,zvd,filtered_pd,6.027843e-12
16.796875,zvd,filtered_pd,5.485413e-12
17.187500,zvd,filtered_pd,4.949482e-12
17.578125,zvd,filtered_pd,4.328212e-12
17.968750,zvd,filtered_pd,3.936996e-12
18.359375,zvd,filtered_pd,3.585226e-12
18.750000,zvd,filtered_pd,3.251634e-12
19.140625,zvd,filtered_pd,2.821229e-12
19.531250,zvd,filtered_pd,2.683452e-12
19.921875,zvd,filtered_pd,2.369072e-12
20.312500,zvd,filtered_pd,2.203535e-12
20.703125,zvd,filtered_pd,1.910623e-12
21.093750,zvd,filtered_pd,1.848595e-12
21.484375,zvd,filtered_pd,1.624847e-12
21.875000,zvd,filtered_pd,1.496974e-12
22.265625,zvd,filtered_pd,1.364341e-12
22.656250,zvd,filtered_pd,1.264260e-12
23.046875,zvd,filtered_pd,1.159717e-12
23.437500,zvd,filtered_pd,1.025925e-12
23.828125,zvd,filtered_pd,1.004280e-12
24.218750,zvd,filtered_pd,8.695982e-13
24.609375,zvd,filtered_pd,8.435176e-13
25.000000,zvd,filtered_pd,7.255418e-13
25.390625,zvd,filtered_pd,7.349079e-13
25.781250,zvd,filtered_pd,6.226472e-13
26.171875,zvd,filtered_pd,6.066634e-13
26.562500,zvd,filtered_pd,5.440005e-13
26.953125,zvd,filtered_pd,5.203145e-13
27.343750,zvd,filtered_pd,4.727067e-13
27.734375,zvd,filtered_pd,4.286081e-13
28.125000,zvd,filtered_pd,4.245834e-13
28.515625,zvd,filtered_pd,3.637746e-13
28.906250,zvd,filtered_pd,3.660091e-13
29.296875,zvd,filtered_pd,3.118004e-13
29.687500,zvd,filtered_pd,3.238491e-13
30.078125,zvd,filtered_pd,2.691651e-13
30.468750,zvd,filtered_pd,2.739011e-13
30.859375,zvd,filtered_pd,2.432000e-13
31.250000,zvd,filtered_pd,2.349280e-13
31.640625,zvd,filtered_pd,2.140268e-13
32.031250,zvd,filtered_pd,1.990465e-13
32.421875,zvd,filtered_pd,1.964587e-13
32.812500,zvd,filtered_pd,1.693451e-13
33.203125,zvd,filtered_pd,1.725216e-13
33.593750,zvd,filtered_pd,1.482691e-13
33.984375,zvd,filtered_pd,1.547646e-13
34.375000,zvd,filtered_pd,1.289691e-13
34.765625,zvd,filtered_pd,1.345020e-13
35.156250,zvd,filtered_pd,1.177690e-13
35.546875,zvd,filtered_pd,1.165331e-13
35.937500,zvd,filtered_pd,1.054533e-13
36.328125,zvd,filtered_pd,1.013246e-13
36.718750,zvd,filtered_pd,9.783307e-14
37.109375,zvd,filtered_pd,8.641784e-14
37.500000,zvd,filtered_pd,8.864264e-14
37.890625,zvd,filtered_pd,7.693082e-14
38.281250,zvd,filtered_pd,8.049079e-14
38.671875,zvd,filtered_pd,6.733976e-14
39.062500,zvd,filtered_pd,7.227767e-14
39.453125,zvd,filtered_pd,6.234522e-14
39.843750,zvd,filtered_pd,6.335389e-14
40.234375,zvd,filtered_pd,5.721011e-14
40.625000,zvd,filtered_pd,5.639229e-14
41.015625,zvd,filtered_pd,5.371791e-14
41.406250,zvd,filtered_pd,4.919393e-14
41.796875,zvd,filtered_pd,5.029612e-14
42.187500,zvd,filtered_pd,4.454349e-14
42.578125,zvd,filtered_pd,4.632336e-14
42.968750,zvd,filtered_pd,4.041935e-14
43.359375,zvd,filtered_pd,4.302495e-14
43.750000,zvd,filtered_pd,3.788607e-14
44.140625,zvd,filtered_pd,3.897316e-14
44.531250,zvd,filtered_pd,3.596393e-14
44.921875,zvd,filtered_pd,3.602049e-14
45.312500,zvd,filtered_pd,3.436616e-14
45.703125,zvd,filtered_pd,3.307310e-14
46.093750,zvd,filtered_pd,3.321361e-14
46.484375,zvd,filtered_pd,3.115538e-14
46.875000,zvd,filtered_pd,3.175135e-14
47.265625,zvd,filtered_pd,2.982720e-14
47.656250,zvd,filtered_pd,3.064802e-14
48.046875,zvd,filtered_pd,2.903678e-14
48.437500,zvd,filtered_pd,2.949917e-14
48.828125,zvd,filtered_pd,2.877942e-14
49.218750,zvd,filtered_pd,2.878957e-14
49.609375,zvd,filtered_pd,2.861490e-14
50.000000,zvd,filtered_pd,1.426883e-14
0.000000,zvd,avc,3.881483e-05
0.390625,zvd,avc,1.431634e-04
0.781250,zvd,avc,4.451451e-05
1.171875,zvd,avc,1.436755e-06
1.562500,zvd,avc,4.832007e-07
1.953125,zvd,avc,1.620743e-07
2.343750,zvd,avc,3.589630e-08
2.734375,zvd,avc,2.181272e-08
3.125000,zvd,avc,1.112663e-08
3.515625,zvd,avc,6.332251e-09
3.906250,zvd,avc,3.057872e-09
4.296875,zvd,avc,2.633750e-09
4.687500,zvd,avc,1.543193e-09
5.078125,zvd,avc,1.133844e-09
5.468750,zvd,avc,7.775907e-10
5.859375,zvd,avc,6.384561e-10
6.250000,zvd,avc,4.558841e-10
6.640625,zvd,avc,3.363632e-10
7.031250,zvd,avc,2.837638e-10
7.421875,zvd,avc,2.147531e-10
7.812500,zvd,avc,1.778415e-10
8.203125,zvd,avc,1.322990e-10
8.593750,zvd,avc,1.212662e-10
8.984375,zvd,avc,9.172543e-11
9.375000,zvd,avc,7.841172e-11
9.765625,zvd,avc,6.461538e-11
10.156250,zvd,avc,5.601034e-11
10.546875,zvd,avc,4.614902e-11
10.937500,zvd,avc,3.822974e-11
11.328125,zvd,avc,3.500112e-11
11.718750,zvd,avc,2.840625e-11
12.109375,zvd,avc,2.504862e-11
12.500000,zvd,avc,2.101635e-11
12.890625,zvd,avc,1.950694e-11
13.281250,zvd,avc,1.603330e-11
13.671875,zvd,avc,1.421495e-11
14.062500,zvd,avc,1.262402e-11
14.453125,zvd,avc,1.118475e-11
14.843750,zvd,avc,9.701678e-12
15.234375,zvd,avc,8.545655e-12
15.625000,zvd,avc,7.840146e-12
16.015625,zvd,avc,6.815750e-12
16.406250,zvd,avc,6.027843e-12
16.796875,zvd,avc,5.485413e-12
17.187500,zvd,avc,4.949482e-12
17.578125,zvd,avc,4.328212e-12
17.968750,zvd,avc,3.936996e-12
18.359375,zvd,avc,3.585226e-12
18.750000,zvd,avc,3.251634e-12
19.140625,zvd,avc,2.821229e-12
19.531250,zvd,avc,2.683452e-12
19.921875,zvd,avc,2.369072e-12
20.312500,zvd,avc,2.203535e-12
20.703125,zvd,avc,1.910623e-12
21.093750,zvd,avc,1.848595e-12
21.484375,zvd,avc,1.624847e-12
21.875000,zvd,avc,1.496974e-12
22.265625,zvd,avc,1.364341e-12
22.656250,zvd,avc,1.264260e-12
23.046875,zvd,avc,1.159717e-12
23.437500,zvd,avc,1.025925e-12
23.828125,zvd,avc,1.004280e-12
24.218750,zvd,avc,8.695982e-13
24.609375,zvd,avc,8.435176e-13
25.000000,zvd,avc,7.255418e-13
25.390625,zvd,avc,7.349079e-13
25.781250,zvd,avc,6.226472e-13
26.171875,zvd,avc,6.066634e-13
26.562500,zvd,avc,5.440005e-13
26.953125,zvd,avc,5.203145e-13
27.343750,zvd,avc,4.727067e-13
27.734375,zvd,avc,4.286081e-13
28.125000,zvd,avc,4.245834e-13
28.515625,zvd,avc,3.637746e-13
28.906250,zvd,avc,3.660091e-13
29.296875,zvd,avc,3.118004e-13
29.687500,zvd,avc,3.238491e-13
30.078125,zvd,avc,2.691651e-13
30.468750,zvd,avc,2.739011e-13
30.859375,zvd,avc,2.432000e-13
31.250000,zvd,avc,2.349280e-13
31.640625,zvd,avc,2.140268e-13
32.031250,zvd,avc,1.990465e-13
32.421875,zvd,avc,1.964587e-13
32.812500,zvd,avc,1.693451e-13
33.203125,zvd,avc,1.725216e-13
33.593750,zvd,avc,1.482691e-13
33.984375,zvd,avc,1.547646e-13
34.375000,zvd,avc,1.289691e-13
34.765625,zvd,avc,1.345020e-13
35.156250,zvd,avc,1.177690e-13
35.546875,zvd,avc,1.165331e-13
35.937500,zvd,avc,1.054533e-13
36.328125,zvd,avc,1.013246e-13
36.718750,zvd,avc,9.783307e-14
37.109375,zvd,avc,8.641784e-14
37.500000,zvd,avc,8.864264e-14
37.890625,zvd,avc,7.693082e-14
38.281250,zvd,avc,8.049079e-14
38.671875,zvd,avc,6.733976e-14
39.062500,zvd,avc,7.227767e-14
39.453125,zvd,avc,6.234522e-14
39.843750,zvd,avc,6.335389e-14
40.234375,zvd,avc,5.721011e-14
40.625000,zvd,avc,5.639229e-14
41.015625,zvd,avc,5.371791e-14
41.406250,zvd,avc,4.919393e-14
41.796875,zvd,avc,5.029612e-14
42.187500,zvd,avc,4.454349e-14
42.578125,zvd,avc,4.632336e-14
42.968750,zvd,avc,4.041935e-14
43.359375,zvd,avc,4.302495e-14
43.750000,zvd,avc,3.788607e-14
44.140625,zvd,avc,3.897316e-14
44.531250,zvd,avc,3.596393e-14
44.921875,zvd,avc,3.602049e-14
45.312500,zvd,avc,3.436616e-14
45.703125,zvd,avc,3.307310e-14
46.093750,zvd,avc,3.321361e-14
46.484375,zvd,avc,3.115538e-14
46.875000,zvd,avc,3.175135e-14
47.265625,zvd,avc,2.982720e-14
47.656250,zvd,avc,3.064802e-14
48.046875,zvd,avc,2.903678e-14
48.437500,zvd,avc,2.949917e-14
48.828125,zvd,avc,2.877942e-14
49.218750,zvd,avc,2.878957e-14
49.609375,zvd,avc,2.861490e-14
50.000000,zvd,avc,1.426883e-14
0.000000,fourth,standard_pd,3.988747e-05
0.390625,fourth,standard_pd,1.552777e-04
0.781250,fourth,standard_pd,6.396002e-05
1.171875,fourth,standard_pd,6.301053e-06
1.562500,fourth,standard_pd,1.022733e-06
1.953125,fourth,standard_pd,4.911927e-07
2.343750,fourth,standard_pd,1.210633e-07
2.734375,fourth,standard_pd,7.006122e-08
3.125000,fourth,standard_pd,3.272025e-08
3.515625,fourth,standard_pd,2.485449e-08
3.906250,fourth,standard_pd,8.761516e-09
4.296875,fourth,standard_pd,8.954228e-09
4.687500,fourth,standard_pd,5.000308e-09
5.078125,fourth,standard_pd,2.788734e-09
5.468750,fourth,standard_pd,3.115890e-09
5.859375,fourth,standard_pd,1.230383e-09
6.250000,fourth,standard_pd,1.466102e-09
6.640625,fourth,standard_pd,9.717886e-10
7.031250,fourth,standard_pd,6.773470e-10
7.421875,fourth,standard_pd,5.418075e-10
7.812500,fourth,standard_pd,4.974748e-10
8.203125,fourth,standard_pd,2.892970e-10
8.593750,fourth,standard_pd,3.000095e-10
8.984375,fourth,standard_pd,2.428673e-10
9.375000,fourth,standard_pd,1.317794e-10
9.765625,fourth,standard_pd,1.957619e-10
10.156250,fourth,standard_pd,1.003430e-10
10.546875,fourth,standard_pd,9.989717e-11
10.937500,fourth,standard_pd,9.873333e-11
11.328125,fourth,standard_pd,6.055474e-11
11.718750,fourth,standard_pd,6.227916e-11
12.109375,fourth,standard_pd,5.754565e-11
12.500000,fourth,standard_pd,3.697738e-11
12.890625,fourth,standard_pd,3.944974e-11
13.281250,fourth,standard_pd,3.640685e-11
13.671875,fourth,standard_pd,2.106788e-11
14.062500,fourth,standard_pd,2.924313e-11
14.453125,fourth,standard_pd,1.998276e-11
14.843750,fourth,standard_pd,1.573850e-11
15.234375,fourth,standard_pd,1.937494e-11
15.625000,fourth,standard_pd,1.206971e-11
16.015625,fourth,standard_pd,1.183132e-11
16.406250,fourth,standard_pd,1.266808e-11
16.796875,fourth,standard_pd,7.891398e-12
17.187500,fourth,standard_pd,8.715041e-12
17.578125,fourth,standard_pd,8.481118e-12
17.968750,fourth,standard_pd,5.243483e-12
18.359375,fourth,standard_pd,6.691647e-12
18.750000,fourth,standard_pd,5.456311e-12
19.140625,fourth,standard_pd,3.841788e-12
19.531250,fourth,standard_pd,5.007925e-12
19.921875,fourth,standard_pd,3.522081e-12
20.312500,fourth,standard_pd,3.008871e-12
20.703125,fourth,standard_pd,3.633398e-12
21.093750,fourth,standard_pd,2.346614e-12
21.484375,fourth,standard_pd,2.409214e-12
21.875000,fourth,standard_pd,2.589638e-12
22.265625,fourth,standard_pd,1.626715e-12
22.656250,fourth,standard_pd,1.943223e-12
23.046875,fourth,standard_pd,1.810276e-12
23.437500,fourth,standard_pd,1.188961e-12
23.828125,fourth,standard_pd,1.574395e-12
24.218750,fourth,standard_pd,1.215770e-12
24.609375,fourth,standard_pd,9.688104e-13
25.000000,fourth,standard_pd,1.196544e-12
25.390625,fourth,standard_pd,8.628907e-13
25.781250,fourth,standard_pd,7.779757e-13
26.171875,fourth,standard_pd,9.206025e-13
26.562500,fourth,standard_pd,6.048280e-13
26.953125,fourth,standard_pd,6.537517e-13
27.343750,fourth,standard_pd,6.840700e-13
27.734375,fourth,standard_pd,4.421098e-13
28.125000,fourth,standard_pd,5.548015e-13
28.515625,fourth,standard_pd,4.890801e-13
28.906250,fourth,standard_pd,3.520146e-13
29.296875,fourth,standard_pd,4.557180e-13
29.687500,fourth,standard_pd,3.467991e-13
30.078125,fourth,standard_pd,2.987357e-13
30.468750,fourth,standard_pd,3.568815e-13
30.859375,fourth,standard_pd,2.578089e-13
31.250000,fourth,standard_pd,2.513014e-13
31.640625,fourth,standard_pd,2.786690e-13
32.031250,fourth,standard_pd,1.962605e-13
32.421875,fourth,standard_pd,2.099495e-13
32.812500,fourth,standard_pd,2.218985e-13
33.203125,fourth,standard_pd,1.422520e-13
33.593750,fourth,standard_pd,1.925071e-13
33.984375,fourth,standard_pd,1.550621e-13
34.375000,fourth,standard_pd,1.272879e-13
34.765625,fourth,standard_pd,1.551984e-13
35.156250,fourth,standard_pd,1.179988e-13
35.546875,fourth,standard_pd,1.109486e-13
35.937500,fourth,standard_pd,1.231670e-13
36.328125,fourth,standard_pd,9.526003e-14
36.718750,fourth,standard_pd,9.168408e-14
37.109375,fourth,standard_pd,1.040695e-13
37.500000,fourth,standard_pd,7.079782e-14
37.890625,fourth,standard_pd,8.443322e-14
38.281250,fourth,standard_pd,8.050747e-14
38.671875,fourth,standard_pd,5.842040e-14
39.062500,fourth,standard_pd,7.561993e-14
39.453125,fourth,standard_pd,6.054677e-14
39.843750,fourth,standard_pd,5.320679e-14
40.234375,fourth,standard_pd,6.359546e-14
40.625000,fourth,standard_pd,4.787937e-14
41.015625,fourth,standard_pd,4.891138e-14
41.406250,fourth,standard_pd,5.175308e-14
41.796875,fourth,standard_pd,4.138508e-14
42.187500,fourth,standard_pd,4.198422e-14
42.578125,fourth,standard_pd,4.586823e-14
42.968750,fourth,standard_pd,3.269265e-14
43.359375,fourth,standard_pd,4.064035e-14
43.750000,fourth,standard_pd,3.704001e-14
44.140625,fourth,standard_pd,2.928383e-14
44.531250,fourth,standard_pd,3.814798e-14
44.921875,fourth,standard_pd,2.947976e-14
45.312500,fourth,standard_pd,2.911121e-14
45.703125,fourth,standard_pd,3.353907e-14
46.093750,fourth,standard_pd,2.567000e-14
46.484375,fourth,standard_pd,2.860049e-14
46.875000,fourth,standard_pd,2.949236e-14
47.265625,fourth,standard_pd,2.407528e-14
47.656250,fourth,standard_pd,2.739441e-14
48.046875,fourth,standard_pd,2.738626e-14
48.437500,fourth,standard_pd,2.249100e-14
48.828125,fourth,standard_pd,2.747163e-14
49.218750,fourth,standard_pd,2.568922e-14
49.609375,fourth,standard_pd,2.130278e-14
50.000000,fourth,standard_pd,1.494372e-14
0.000000,fourth,filtered_pd,4.002199e-05
0.390625,fourth,filtered_pd,1.439424e-04
0.781250,fourth,filtered_pd,4.455824e-05
1.171875,fourth,filtered_pd,1.287992e-06
1.562500,fourth,filtered_pd,4.428703e-07
1.953125,fourth,filtered_pd,1.532786e-07
2.343750,fourth,filtered_pd,3.511208e-08
2.734375,fourth,filtered_pd,2.141359e-08
3.125000,fourth,filtered_pd,1.041235e-08
3.515625,fourth,filtered_pd,5.963044e-09
3.906250,fourth,filtered_pd,2.941481e-09
4.296875,fourth,filtered_pd,2.526568e-09
4.687500,fourth,filtered_pd,1.442699e-09
5.078125,fourth,filtered_pd,1.096546e-09
5.468750,fourth,filtered_pd,7.499726e-10
5.859375,fourth,filtered_pd,6.278941e-10
6.250000,fourth,filtered_pd,4.307059e-10
6.640625,fourth,filtered_pd,3.266247e-10
7.031250,fourth,filtered_pd,2.771513e-10
7.421875,fourth,filtered_pd,2.087622e-10
7.812500,fourth,filtered_pd,1.708450e-10
8.203125,fourth,filtered_pd,1.304112e-10
8.593750,fourth,filtered_pd,1.172729e-10
8.984375,fourth,filtered_pd,8.969015e-11
9.375000,fourth,filtered_pd,7.585024e-11
9.765625,fourth,filtered_pd,6.343170e-11
10.156250,fourth,filtered_pd,5.516370e-11
10.546875,fourth,filtered_pd,4.391571e-11
10.937500,fourth,filtered_pd,3.873354e-11
11.328125,fourth,filtered_pd,3.313816e-11
11.718750,fourth,filtered_pd,2.869686e-11
12.109375,fourth,filtered_pd,2.402719e-11
12.500000,fourth,filtered_pd,2.086068e-11
12.890625,fourth,filtered_pd,1.936640e-11
13.281250,fourth,filtered_pd,1.531876e-11
13.671875,fourth,filtered_pd,1.455343e-11
14.062500,fourth,filtered_pd,1.198893e-11
14.453125,fourth,filtered_pd,1.144155e-11
14.843750,fourth,filtered_pd,9.321451e-12
15.234375,fourth,filtered_pd,8.620390e-12
15.625000,fourth,filtered_pd,7.822901e-12
16.015625,fourth,filtered_pd,6.617156e-12
16.406250,fourth,filtered_pd,6.199727e-12
16.796875,fourth,filtered_pd,5.304800e-12
17.187500,fourth,filtered_pd,5.116714e-12
17.578125,fourth,filtered_pd,4.188800e-12
17.968750,fourth,filtered_pd,4.071873e-12
18.359375,fourth,filtered_pd,3.550369e-12
18.750000,fourth,filtered_pd,3.293833e-12
19.140625,fourth,filtered_pd,2.869543e-12
19.531250,fourth,filtered_pd,2.682917e-12
19.921875,fourth,filtered_pd,2.480090e-12
20.312500,fourth,filtered_pd,2.150597e-12
20.703125,fourth,filtered_pd,2.055280e-12
21.093750,fourth,filtered_pd,1.811698e-12
21.484375,fourth,filtered_pd,1.736162e-12
21.875000,fourth,filtered_pd,1.497197e-12
22.265625,fourth,filtered_pd,1.437508e-12
22.656250,fourth,filtered_pd,1.322457e-12
23.046875,fourth,filtered_pd,1.173272e-12
23.437500,fourth,filtered_pd,1.121978e-12
23.828125,fourth,filtered_pd,1.005803e-12
24.218750,fourth,filtered_pd,9.678096e-13
24.609375,fourth,filtered_pd,8.444046e-13
25.000000,fourth,filtered_pd,8.134374e-13
25.390625,fourth,filtered_pd,7.590629e-13
25.781250,fourth,filtered_pd,6.814105e-13
26.171875,fourth,filtered_pd,6.510639e-13
26.562500,fourth,filtered_pd,5.879314e-13
26.953125,fourth,filtered_pd,5.769164e-13
27.343750,fourth,filtered_pd,4.995598e-13
27.734375,fourth,filtered_pd,4.963701e-13
28.125000,fourth,filtered_pd,4.469524e-13
28.515625,fourth,filtered_pd,4.296456e-13
28.906250,fourth,filtered_pd,3.866791e-13
29.296875,fourth,filtered_pd,3.752998e-13
29.687500,fourth,filtered_pd,3.504638e-13
30.078125,fourth,filtered_pd,3.188462e-13
30.468750,fourth,filtered_pd,3.116999e-13
30.859375,fourth,filtered_pd,2.822622e-13
31.250000,fourth,filtered_pd,2.811319e-13
31.640625,fourth,filtered_pd,2.414281e-13
32.031250,fourth,filtered_pd,2.519561e-13
32.421875,fourth,filtered_pd,2.195842e-13
32.812500,fourth,filtered_pd,2.210008e-13
33.203125,fourth,filtered_pd,1.958136e-13
33.593750,fourth,filtered_pd,1.971808e-13
33.984375,fourth,filtered_pd,1.810244e-13
34.375000,fourth,filtered_pd,1.699819e-13
34.765625,fourth,filtered_pd,1.672448e-13
35.156250,fourth,filtered_pd,1.518067e-13
35.546875,fourth,filtered_pd,1.539313e-13
35.937500,fourth,filtered_pd,1.323867e-13
36.328125,fourth,filtered_pd,1.439110e-13
36.718750,fourth,filtered_pd,1.201605e-13
37.109375,fourth,filtered_pd,1.293170e-13
37.500000,fourth,filtered_pd,1.105454e-13
37.890625,fourth,filtered_pd,1.178089e-13
38.281250,fourth,filtered_pd,1.047552e-13
38.671875,fourth,filtered_pd,1.025270e-13
39.062500,fourth,filtered_pd,1.017683e-13
39.453125,fourth,filtered_pd,9.139830e-14
39.843750,fourth,filtered_pd,9.702810e-14
40.234375,fourth,filtered_pd,8.143699e-14
40.625000,fourth,filtered_pd,9.307946e-14
41.015625,fourth,filtered_pd,7.528396e-14
41.406250,fourth,filtered_pd,8.576749e-14
41.796875,fourth,filtered_pd,7.229013e-14
42.187500,fourth,filtered_pd,7.903632e-14
42.578125,fourth,filtered_pd,7.029144e-14
42.968750,fourth,filtered_pd,7.117646e-14
43.359375,fourth,filtered_pd,7.049159e-14
43.750000,fourth,filtered_pd,6.458276e-14
44.140625,fourth,filtered_pd,6.935982e-14
44.531250,fourth,filtered_pd,5.943985e-14
44.921875,fourth,filtered_pd,6.858636e-14
45.312500,fourth,filtered_pd,5.594533e-14
45.703125,fourth,filtered_pd,6.593215e-14
46.093750,fourth,filtered_pd,5.500687e-14
46.484375,fourth,filtered_pd,6.262738e-14
46.875000,fourth,filtered_pd,5.519062e-14
47.265625,fourth,filtered_pd,5.870668e-14
47.656250,fourth,filtered_pd,5.680803e-14
48.046875,fourth,filtered_pd,5.481727e-14
48.437500,fourth,filtered_pd,5.835532e-14
48.828125,fourth,filtered_pd,5.201966e-14
49.218750,fourth,filtered_pd,5.961757e-14
49.609375,fourth,filtered_pd,5.035766e-14
50.000000,fourth,filtered_pd,3.004556e-14
0.000000,fourth,avc,4.002199e-05
0.390625,fourth,avc,1.439424e-04
0.781250,fourth,avc,4.455824e-05
1.171875,fourth,avc,1.287992e-06
1.562500,fourth,avc,4.428703e-07
1.953125,fourth,avc,1.532786e-07
2.343750,fourth,avc,3.511208e-08
2.734375,fourth,avc,2.141359e-08
3.125000,fourth,avc,1.041235e-08
3.515625,fourth,avc,5.963044e-09
3.906250,fourth,avc,2.941481e-09
4.296875,fourth,avc,2.526568e-09
4.687500,fourth,avc,1.442699e-09
5.078125,fourth,avc,1.096546e-09
5.468750,fourth,avc,7.499726e-10
5.859375,fourth,avc,6.278941e-10
6.250000,fourth,avc,4.307059e-10
6.640625,fourth,avc,3.266247e-10
7.031250,fourth,avc,2.771513e-10
7.421875,fourth,avc,2.087622e-10
7.812500,fourth,avc,1.708450e-10
8.203125,fourth,avc,1.304112e-10
8.593750,fourth,avc,1.172729e-10
8.984375,fourth,avc,8.969015e-11
9.375000,fourth,avc,7.585024e-11
9.765625,fourth,avc,6.343170e-11
10.156250,fourth,avc,5.516370e-11
10.546875,fourth,avc,4.391571e-11
10.937500,fourth,avc,3.873354e-11
11.328125,fourth,avc,3.313816e-11
11.718750,fourth,avc,2.869686e-11
12.109375,fourth,avc,2.402719e-11
12.500000,fourth,avc,2.086068e-11
12.890625,fourth,avc,1.936640e-11
13.281250,fourth,avc,1.531876e-11
13.671875,fourth,avc,1.455343e-11
14.062500,fourth,avc,1.198893e-11
14.453125,fourth,avc,1.144155e-11
14.843750,fourth,avc,9.321451e-12
15.234375,fourth,avc,8.620390e-12
15.625000,fourth,avc,7.822901e-12
16.015625,fourth,avc,6.617156e-12
16.406250,fourth,avc,6.199727e-12
16.796875,fourth,avc,5.304800e-12
17.187500,fourth,avc,5.116714e-12
17.578125,fourth,avc,4.188800e-12
17.968750,fourth,avc,4.071873e-12
18.359375,fourth,avc,3.550369e-12
18.750000,fourth,avc,3.293833e-12
19.140625,fourth,avc,2.869543e-12
19.531250,fourth,avc,2.682917e-12
19.921875,fourth,avc,2.480090e-12
20.312500,fourth,avc,2.150597e-12
20.703125,fourth,avc,2.055280e-12
21.093750,fourth,avc,1.811698e-12
21.484375,fourth,avc,1.736162e-12
21.875000,fourth,avc,1.497197e-12
22.265625,fourth,avc,1.437508e-12
22.656250,fourth,avc,1.322457e-12
23.046875,fourth,avc,1.173272e-12
23.437500,fourth,avc,1.121978e-12
23.828125,fourth,avc,1.005803e-12
24.218750,fourth,avc,9.678096e-13
24.609375,fourth,avc,8.444046e-13
25.000000,fourth,avc,8.134374e-13
25.390625,fourth,avc,7.590629e-13
25.781250,fourth,avc,6.814105e-13
26.171875,fourth,avc,6.510639e-13
26.562500,fourth,avc,5.879314e-13
26.953125,fourth,avc,5.769164e-13
27.343750,fourth,avc,4.995598e-13
27.734375,fourth,avc,4.963701e-13
28.125000,fourth,avc,4.469524e-13
28.515625,fourth,avc,4.296456e-13
28.906250,fourth,avc,3.866791e-13
29.296875,fourth,avc,3.752998e-13
29.687500,fourth,avc,3.504638e-13
30.078125,fourth,avc,3.188462e-13
30.468750,fourth,avc,3.116999e-13
30.859375,fourth,avc,2.822622e-13
31.250000,fourth,avc,2.811319e-13
31.640625,fourth,avc,2.414281e-13
32.031250,fourth,avc,2.519561e-13
32.421875,fourth,avc,2.195842e-13
32.812500,fourth,avc,2.210008e-13
33.203125,fourth,avc,1.958136e-13
33.593750,fourth,avc,1.971808e-13
33.984375,fourth,avc,1.810244e-13
34.375000,fourth,avc,1.699819e-13
34.765625,fourth,avc,1.672448e-13
35.156250,fourth,avc,1.518067e-13
35.546875,fourth,avc,1.539313e-13
35.937500,fourth,avc,1.323867e-13
36.328125,fourth,avc,1.439110e-13
36.718750,fourth,avc,1.201605e-13
37.109375,fourth,avc,1.293170e-13
37.500000,fourth,avc,1.105454e-13
37.890625,fourth,avc,1.178089e-13
38.281250,fourth,avc,1.047552e-13
38.671875,fourth,avc,1.025270e-13
39.062500,fourth,avc,1.017683e-13
39.453125,fourth,avc,9.139830e-14
39.843750,fourth,avc,9.702810e-14
40.234375,fourth,avc,8.143699e-14
40.625000,fourth,avc,9.307946e-14
41.015625,fourth,avc,7.528396e-14
41.406250,fourth,avc,8.576749e-14
41.796875,fourth,avc,7.229013e-14
42.187500,fourth,avc,7.903632e-14
42.578125,fourth,avc,7.029144e-14
42.968750,fourth,avc,7.117646e-14
43.359375,fourth,avc,7.049159e-14
43.750000,fourth,avc,6.458276e-14
44.140625,fourth,avc,6.935982e-14
44.531250,fourth,avc,5.943985e-14
44.921875,fourth,avc,6.858636e-14
45.312500,fourth,avc,5.594533e-14
45.703125,fourth,avc,6.593215e-14
46.093750,fourth,avc,5.500687e-14
46.484375,fourth,avc,6.262738e-14
46.875000,fourth,avc,5.519062e-14
47.265625,fourth,avc,5.870668e-14
47.656250,fourth,avc,5.680803e-14
48.046875,fourth,avc,5.481727e-14
48.437500,fourth,avc,5.835532e-14
48.828125,fourth,avc,5.201966e-14
49.218750,fourth,avc,5.961757e-14
49.609375,fourth,avc,5.035766e-14
50.000000,fourth,avc,3.004556e-14
